<?xml version="1.0" encoding="UTF-8"?>
<manifest identifier="SingleCourseManifest" version="1.1" xmlns="http://www.imsproject.org/xsd/imscp_rootv1p1p2" xmlns:adlcp="http://www.adlnet.org/xsd/adlcp_rootv1p2" xmlns:xsi="http://www.w3.org/2001/XMLSchema-instance" xsi:schemaLocation="http://www.imsproject.org/xsd/imscp_rootv1p1p2 imscp_rootv1p1p2.xsd&#10;&#9; &#9;&#9;&#9;http://www.imsglobal.org/xsd/imsmd_rootv1p2p1 imsmd_rootv1p2p1.xsd&#10;                http://www.adlnet.org/xsd/adlcp_rootv1p2 adlcp_rootv1p2.xsd"><metadata><schema>ADL SCORM</schema><schemaversion>1.2</schemaversion></metadata><organizations default="dokeos_scorm_export"><organization identifier="dokeos_scorm_export"><title>Essaicours</title><item identifier="ITEM_1" identifierref="RESOURCE_1" isvisible="true"><title>Section</title><adlcp:prerequisites type="aicc_script"></adlcp:prerequisites><adlcp:masteryscore></adlcp:masteryscore></item></organization></organizations><resources><resource identifier="RESOURCE_1" type="webcontent" href="" adlcp:scormtype="asset" xml:base=""><file href=""/></resource></resources></manifest>
